{
  "roc_auc": 0.5368907407407407,
  "accuracy": 0.75,
  "precision": 0.0,
  "recall": 0.0,
  "f1": 0.0,
  "set_level_accuracy": 0.29333333333333333,
  "set_level_n": 300,
  "per_domain_auc": {
    "derivatives": 0.6029652686762779,
    "dex": 0.5638730408551381,
    "lending": 0.5208138173302107,
    "staking": 0.4765327695560254
  },
  "n_test_examples": 1200
}