{
  "roc_auc": 0.5072755711441842,
  "accuracy": 0.727433628318584,
  "precision": 0.0,
  "recall": 0.0,
  "f1": 0.0,
  "set_level_accuracy": 0.36363636363636365,
  "set_level_n": 154,
  "per_domain_auc": {
    "derivatives": 0.4998670212765957,
    "dex": 0.5491452991452992,
    "lending": 0.5166666666666667,
    "staking": 0.49585365853658536
  },
  "n_test_examples": 565
}